<?xml version="1.0" encoding="UTF-8"?>
<project-private xmlns="http://www.netbeans.org/ns/project-private/1">
    <editor-bookmarks xmlns="http://www.netbeans.org/ns/editor-bookmarks/2" lastBookmarkId="0"/>
    <open-files xmlns="http://www.netbeans.org/ns/projectui-open-files/2">
        <group>
            <file>file:/Users/technician/NetBeansProjects/StreamDeckController/main.js</file>
            <file>file:/Users/technician/NetBeansProjects/StreamDeckController/editor.html</file>
            <file>file:/Users/technician/NetBeansProjects/StreamDeckController/virtualdeck.html</file>
            <file>file:/Users/technician/NetBeansProjects/StreamDeckController/js/menu.js</file>
            <file>file:/Users/technician/NetBeansProjects/StreamDeckController/package.json</file>
            <file>file:/Users/technician/NetBeansProjects/StreamDeckController/Store.js</file>
            <file>file:/Users/technician/NetBeansProjects/StreamDeckController/css/checkbox.css</file>
            <file>file:/Users/technician/NetBeansProjects/StreamDeckController/help.html</file>
            <file>file:/Users/technician/NetBeansProjects/StreamDeckController/settings.html</file>
        </group>
    </open-files>
</project-private>
